{"sample_rate": 500000.0, "source_frequency": 15000.0, "tx_gain": 0, "carrier_frequency": 901000000.0, "iq_samples": ["(0.05+0j)", "(0.049105465+0.009415584j)", "(0.046453875+0.018494263j)", "(0.042140093+0.026911197j)", "(0.03631849+0.034365207j)", "(0.029197356+0.040589586j)", "(0.021031503+0.045361612j)", "(0.012113115+0.04851054j)", "(0.0027613032+0.049923696j)", "(-0.0066893115+0.04955051j)", "(-0.01590058+0.047404345j)", "(-0.024542902+0.043561976j)", "(-0.032307036+0.038160916j)", "(-0.03891519+0.031394396j)", "(-0.0441309+0.02350455j)", "(-0.04776755+0.01477367j)", "(-0.04969501+0.0055141784j)", "(-0.049844317-0.003942629j)", "(-0.048210125-0.013258352j)", "(-0.044850904-0.022099694j)", "(-0.039886866-0.030150259j)", "(-0.033495612-0.037122015j)", "(-0.025905838-0.042765494j)", "(-0.017389132-0.046878763j)", "(-0.008250217-0.049314644j)", "(0.0011839004-0.049985982j)", "(0.01057568-0.048868753j)", "(0.019589024-0.046002936j)", "(0.027901446-0.041491073j)", "(0.035215538-0.035494592j)", "(0.04126955-0.028228078j)", "(0.045846883-0.019951528j)", "(0.048783753-0.010961086j)", "(0.04997508-0.0015784176j)", "(0.049378227+0.007860705j)", "(0.04701456+0.017018562j)", "(0.042968646+0.025567472j)", "(0.037385225+0.03320158j)", "(0.03046414+0.03964765j)", "(0.022453006+0.04467508j)", "(0.013638476+0.04810397j)", "(0.0043359417+0.049811643j)", "(-0.0051217615+0.049736984j)", "(-0.0143962+0.047882665j)", "(-0.023155501+0.04431504j)", "(-0.031086266+0.039161768j)", "(-0.037904724+0.03260724j)", "(-0.043366905+0.024885975j)", "(-0.047277357+0.01627426j)", "(-0.049496166+0.007080232j)", "(-0.049943935-0.002367137j)", "(-0.04860465-0.011729807j)", "(-0.045526203-0.020672811j)", "(-0.040818777-0.02887607j)", "(-0.034650806-0.036046106j)", "(-0.027242983-0.041926365j)", "(-0.018860372-0.046306442j)", "(-0.009802864-0.049029622j)", "(-0.0003946408-0.049998444j)", "(0.009027704-0.049178254j)", "(0.018127022-0.0465984j)", "(0.026577776-0.04235117j)", "(0.03407746-0.036588613j)", "(0.04035788-0.029516801j)", "(0.045194186-0.021388916j)", "(0.048413422-0.012495622j)", "(0.049900346-0.0031552617j)", "(0.049601767+0.006297998j)", "(0.04752837+0.015525907j)", "(0.043754328+0.024198322j)", "(0.038414743+0.032004807j)", "(0.031700566+0.03866619j)", "(0.023852175+0.043943983j)", "(0.015150242+0.047649454j)", "(0.005906205+0.049649943j)", "(-0.0035490703+0.049873885j)", "(-0.012877448+0.048313264j)", "(-0.021744965+0.045023955j)", "(-0.0298345+0.040123593j)", "(-0.036856476+0.033787575j)", "(-0.04255968+0.026242593j)", "(-0.046740044+0.017758617j)", "(-0.049247984+0.0086392155j)", "(-0.04999377-0.00078930956j)", "(-0.048950702-0.0101896385j)", "(-0.04615612-0.01922532j)", "(-0.041709978-0.027573137j)", "(-0.035771456-0.03493427j)", "(-0.028552914-0.04104548j)", "(-0.02031279-0.04568797j)", "(-0.011345762-0.048695724j)", "(-0.0019728604-0.049961064j)", "(0.007470727-0.049438734j)", "(0.01664691-0.047147434j)", "(0.025227532-0.043169107j)", "(0.0329054-0.03764618j)", "(0.03940594-0.030776162j)", "(0.044496424-0.022805003j)", "(0.047994815-0.014017773j)", "(0.049775865-0.0047289613j)", "(0.049775865+0.0047289655j)", "(0.04799481+0.0140177775j)", "(0.044496465+0.022804923j)", "(0.03940594+0.030776164j)", "(0.032905396+0.037646182j)", "(0.025227526+0.043169107j)", "(0.016646905+0.047147434j)", "(0.007470723+0.049438734j)", "(-0.001972865+0.049961064j)", "(-0.01134586+0.048695702j)", "(-0.020312794+0.04568797j)", "(-0.028552994+0.04104542j)", "(-0.035771456+0.034934267j)", "(-0.04171003+0.027573053j)", "(-0.046156153+0.019225229j)", "(-0.048950713+0.010189587j)", "(-0.049993772+0.00078925706j)", "(-0.049247984-0.008639219j)", "(-0.04674002-0.017758666j)", "(-0.042559627-0.026242677j)", "(-0.03685644-0.033787616j)", "(-0.02983442-0.040123653j)", "(-0.021744873-0.045024j)", "(-0.012877444-0.048313264j)", "(-0.0035490654-0.049873885j)", "(0.0059063043-0.04964993j)", "(0.0151503375-0.047649425j)", "(0.02385218-0.043943983j)", "(0.03170057-0.038666185j)", "(0.038414747-0.0320048j)", "(0.04375438-0.024198232j)", "(0.047528375-0.015525903j)", "(0.049601775-0.006297946j)", "(0.049900346+0.0031552666j)", "(0.048413407+0.012495673j)", "(0.045194205+0.021388879j)", "(0.04035785+0.029516844j)", "(0.034077425+0.03658865j)", "(0.026577652+0.042351253j)", "(0.018127063+0.046598386j)", "(0.009027698+0.049178254j)", "(-0.0003946933+0.049998444j)", "(-0.009802963+0.049029604j)", "(-0.018860465+0.0463064j)", "(-0.027242947+0.041926388j)", "(-0.03465081+0.0360461j)", "(-0.040818807+0.028876027j)", "(-0.045526244+0.020672722j)", "(-0.04860467+0.011729709j)", "(-0.049943935+0.0023671798j)", "(-0.049496166-0.007080236j)", "(-0.047277343-0.016274309j)", "(-0.043366853-0.024886062j)", "(-0.03790463-0.032607347j)", "(-0.031086264-0.03916177j)", "(-0.023155455-0.044315066j)", "(-0.014396104-0.04788269j)", "(-0.005121638-0.049737j)", "(0.004335994-0.04981164j)", "(0.013638481-0.04810397j)", "(0.022453053-0.044675052j)", "(0.03046422-0.03964759j)", "(0.037385263-0.03320154j)", "(0.04296867-0.025567427j)", "(0.04701456-0.017018557j)", "(0.049378235-0.007860653j)", "(0.04997508+0.0015784225j)", "(0.048783746+0.010961114j)", "(0.04584685+0.019951599j)", "(0.041269585+0.028228024j)", "(0.035215482+0.035494648j)", "(0.027901445+0.041491076j)", "(0.019588888+0.046002995j)", "(0.010575582+0.048868775j)", "(0.0011838719+0.049985986j)", "(-0.008250198+0.049314644j)", "(-0.017389247+0.046878718j)", "(-0.025905905+0.042765453j)", "(-0.033495624+0.037122007j)", "(-0.03988684+0.030150294j)", "(-0.04485095+0.022099605j)", "(-0.048210133+0.013258325j)", "(-0.049844313+0.003942648j)", "(-0.049694996-0.0055142897j)", "(-0.04776753-0.014773731j)", "(-0.044130895-0.023504553j)", "(-0.038915217-0.031394362j)", "(-0.03230697-0.038160972j)", "(-0.024542866-0.043562j)", "(-0.015900597-0.047404334j)", "(-0.0066893892-0.0495505j)", "(0.0027613617-0.049923692j)", "(0.0121131195-0.04851054j)", "(0.021031631-0.045361552j)", "(0.029197274-0.040589646j)", "(0.03631851-0.034365185j)", "(0.04214008-0.026911214j)", "(0.046453916-0.018494159j)", "(0.049105477-0.009415525j)", "(0.05+4.7699524e-09j)"]}